name,email,year,month,day
Test,test@email.com,1961,12,21
Vibin,vibin.smtptest@yahoo.com,1958,03,11
Febin,febin@gmail.com,1965,01,01
AnuB,anub@gmail.com,1965,08,21
AnuJ,anuj@gmail.com,1965,08,21
Nolan,nolan@gmail.com,2013,05,21
Nathan,nathan@gmail.com,2009,06,17